Serial,Number
4194,444093
5332,644458
8761,322231
5281,679091
2117,385266
2949,421782
8990,186142
796,971110
1096,772809
3831,257104
3319,647466
1089,234233
2612,811311
8090,912433
4124,581088
9017,119605
2270,644479
1815,965491
3518,128342
2875,349400
2400,850702
6845,366621
700,152711
2038,229456
1089,860248
1485,564073
1345,957134
1438,830102
2733,445706
3436,177315
4377,662956
2308,709460
4150,345874
1304,364769
9141,206193
6159,170333
4599,195496
9343,548050
9236,831451
790,282434
5863,698715
7937,611031
3859,447599
8871,347230
4610,433263
6882,970988
6877,281496
8391,653120
6031,106660
8810,817171
9280,918738
2296,991837
2286,163343
556,125629
178,681432
8874,514566
3049,226878
4994,795340
8316,696777
2911,125993
3859,870183
8329,589510
4296,683424
3902,332501
2668,387905
8945,924683
9314,354013
2745,709062
4355,822562
3390,384067
3305,872848
2567,833561
4827,304905
6626,592149
7021,160000
7827,946113
7161,867033
4108,165110
766,717170
5611,622409
6799,817574
7615,728202
7513,974073
5289,120505
8662,840447
3369,125991
3239,977981
6982,574546
5988,116211
611,281815
9854,859154
5560,280153
5369,959043
2000,171390
8712,282027
6000,774863
2415,782787
6355,579948
970,602918
636,560429
6985,675963
6803,891535
7295,778574
6160,766628
1539,895229
4733,152754
6245,423302
5948,852883
2411,605320
1609,817230
7710,504752
1513,697711
2225,628442
7871,608791
3399,248521
4301,136143
9542,594574
5033,410991
1630,708979
4704,804763
3383,513443
9252,989006
7287,587342
1252,894142
1636,819144
2920,582052
3977,340056
7404,324009
4885,114697
6568,228251
9666,145741
4007,990041
4533,489904
1042,167590
8557,324462
6734,608077
909,440100
4585,380557
5243,247260
9351,713006
4618,914400
4015,586807
8728,905119
6422,718866
8089,329042
8569,232047
197,395208
8162,358768
586,942782
5343,366074
4371,145107
265,922870
1255,754811
4446,117954
8080,485870
7244,392434
810,978177
6804,155628
6491,873866
1160,602936
7908,474962
2660,641206
3923,574090
5447,786652
5614,253951
2530,629142
6291,675657
2438,470636
8782,538586
4152,230818
4498,660134
8793,442275
5299,578861
656,139616
6473,779103
6382,278901
8203,978012
5046,118550
7839,482685
5218,638914
1827,713537
4583,673383
1756,222940
6956,497306
7317,341869
1834,245695
4444,973592
1088,251681
5370,897167
713,874303
4610,550666
1154,826261
5326,148888
7674,688295
1348,300944
6276,507821
9653,834885
9624,791390
1639,318147
2046,454017
8362,661775
3121,440831
5710,528789
7541,864778
8665,402577
4834,908494
3537,695399
1376,713861
5661,686324
1043,209192
3690,137827
3065,557738
6409,757298
1964,665178
81,406616
45,365283
6810,710230
239,853230
1885,763118
2358,150676
3000,925990
7869,818820
7397,756477
993,373481
6787,352426
2019,561221
1380,175001
242,814909
3176,823192
7376,856683
2799,213656
8415,573389
3315,269835
2172,708206
6375,370675
4934,846466
4155,143241
8211,506178
2550,557084
7687,920417
6309,903330
9490,754876
1386,542910
1567,637971
6536,306656
5192,446540
9989,455594
7762,256395
761,334900
4670,595989
5121,481176
6662,440302
7869,435335
968,180988
2620,615667
5392,828783
347,843516
2097,448645
1771,202598
3872,855531
319,657548
220,467176
7813,197587
8302,118451
2716,682744
3751,994635
407,295923
3993,286738
2262,613896
9405,789475
3952,160065
3356,172714
6902,738577
3502,255667
1853,450052
9964,965916
8736,664845
5190,903407
4014,332471
5965,710710
5422,168725
8181,653114
1977,590734
7688,835355
4266,102029
1610,645559
1733,659099
4441,968715
2837,947107
7175,164735
7580,691615
8350,894488
6508,471745
1203,471861
6985,556051
8059,971209
9742,335865
2237,387009
2484,748995
8829,230549
9404,579903
7461,264797
2278,451378
7886,327223
1833,598490
6087,514243
5405,572252
9203,896436
2411,941954
9635,806259
4248,420214
1184,928003
1962,273752
6317,920153
3973,212786
7167,606440
582,615342
1313,302422
9110,686826
6548,334428
6242,881088
2297,230223
8977,411141
4273,504655
3416,404986
776,381663
7573,188449
7200,626285
4146,843606
9867,131336
7585,889741
8549,152261
8370,141531
4020,971235
3933,725961
9737,630273
2805,732879
1604,601332
1259,976416
221,865501
7656,263995
5695,152689
476,463432
8052,963948
8523,591947
8100,176397
6651,658063
5018,772105
128,254551
3075,866548
9435,513394
562,681518
3650,539634
323,148807
9377,246793
4587,496845
8040,222651
2691,618730
3078,816856
104,489960
2408,497895
1155,862069
8852,900033
9239,694491
2012,472304
5441,958849
6661,253374
9068,375726
1259,931152
6934,603242
3714,775943
221,720421
878,432313
2807,576020
3509,932968
4388,294684
1612,886867
6107,551399
3437,288566
7607,528519
5644,434616
8528,571733
6188,554033
7746,670307
2293,966488
4503,445915
1030,506139
618,540833
4199,483598
7588,564487
6080,455580
3095,348209
9746,395106
7929,812718
5595,464805
9625,924791
1626,295615
9945,999707
8980,548176
704,625029
5944,682406
2994,449358
4750,149121
1132,739026
8123,208936
815,925774
4505,320229
8679,252452
621,619419
5493,361896
7114,984537
741,841638
1,580580
2216,897104
4565,155928
5916,929807
3557,257977
9214,964911
955,929283
8006,928145
2145,174655
9793,494667
3237,140577
4657,926205
3493,842756
9373,388895
9484,801522
8717,650516
5729,527934
3879,947015
8328,304857
2534,775302
5293,243606
5617,347580
3230,916286
738,226687
7763,666317
763,665694
33,672034
5002,959558
681,373272
5362,668171
1246,343621
9733,618656
3036,378914
3879,658070
5333,873595
872,988284
8294,306183
9090,247785
4832,271651
5948,498128
7513,817046
5444,387392
7030,318984
6082,943667
9751,489662
8728,576367
6912,659924
6256,332796
1861,986937
9713,111882
5189,508374
6073,925209
5419,180467
7989,796867
7263,402462
4717,889694
7086,184559
8797,395145
7260,688702
8731,154313
7015,505539
6448,190399
9864,602136
2956,286633
6033,685451
9779,548042
2192,623526
9232,367936
1893,664877
7772,652302
4442,850596
2109,675223
9611,995973
8204,637608
7422,367964
5324,578805
1122,919968
3115,161537
8087,556225
9302,985674
7936,632502
1708,168334
3579,976533
6580,214336
1705,623924
1385,188655
8767,333583
6160,880852
2395,105160
1392,991952
7372,728507
4650,375107
1179,501469
3855,377399
2700,869512
4887,714195
6972,813903
8198,867343
6630,221547
2811,988550
3373,724166
4267,244138
1591,490607
6551,867467
2949,499579
8286,822829
3676,945329
2466,185841
1265,878686
9578,920716
5883,414925
8568,383994
933,510527
4011,175218
4395,787121
2044,194111
7245,236762
6536,139465
2715,374430
1465,715579
7907,579522
132,843514
262,717114
3147,782262
5464,752111
7259,818112
1770,432318
3988,988722
8364,200104
668,732711
328,614462
4131,578379
2394,751767
785,294149
2855,282576
8237,839501
7186,346565
1210,150020
3366,127727
2892,466863
1413,678796
5370,743518
374,465938
9273,419804
7529,699580
2072,244303
2380,499154
6510,297323
1196,533516
5865,371866
6070,189134
4724,409285
9006,913907
792,912834
2481,408986
6507,825197
8218,693295
5615,450749
345,728317
4940,849588
7966,750900
4626,657444
9954,697128
5835,347665
6227,911606
9358,869509
4441,988493
8004,138109
1706,274071
8141,219802
3273,121874
1071,468767
154,461342
3383,620974
8817,335283
1846,479367
9875,778397
5052,895506
6363,867791
3480,313549
3207,823625
2803,411780
4073,816183
3615,851248
8586,567357
2190,857034
8837,424866
5054,795182
6160,147626
6038,634693
3250,104255
3932,425248
7170,562966
8673,721341
4818,924945
4059,385767
8452,619289
8122,571018
7438,784634
23,297701
398,553309
7200,426328
423,409181
5376,663980
2482,759624
2677,625112
2491,778554
9121,384421
4106,927053
6292,903684
9282,704114
3528,947894
1133,911421
9956,376187
5485,983922
284,869849
505,445857
5541,839259
2845,127650
3190,436207
9766,316680
4420,774059
6487,840256
683,182266
6647,546702
1126,842515
1313,198429
2912,431768
1508,800236
2492,226671
3477,307702
780,339530
7043,471171
5328,878375
1996,181718
314,441996
5998,330182
9161,718840
2291,643502
2932,361730
8331,913944
6420,147038
8694,283095
7239,947080
929,267039
6705,555884
7813,260483
258,771374
1626,258357
444,312751
2895,283157
8916,616591
4648,759374
2251,888060
1931,643337
1394,592242
4846,962608
3075,499023
5886,123201
3966,550916
6883,632519
7718,112706
4201,572413
5984,479415
2299,253233
5248,147870
5593,151219
11,666730
126,161284
5873,223175
9782,863543
7479,540340
461,211270
217,840699
8706,624214
1572,223239
7792,589129
5479,728135
4315,889813
1537,945989
1340,823199
6456,120588
788,177670
9874,485046
9571,710050
4306,568541
4383,333802
5226,856021
8435,354356
9679,366933
5030,797985
5507,682727
129,449160
2738,114325
5088,372939
1980,221611
9142,682643
27,257279
2026,752670
4104,963826
1360,634571
8656,273648
1517,673006
6984,567575
207,737162
8542,234103
9094,871452
4368,422702
2527,998387
98,721775
8123,974461
9188,688593
4797,365986
6062,811922
2569,413157
6372,206587
8720,107381
1604,918222
9097,422066
4956,438676
6893,778915
9950,820870
4489,144167
2255,151442
2104,679784
9219,284037
7152,747626
1473,248020
6749,290572
7131,870628
303,916747
2624,705534
706,762287
2768,911223
6966,574972
4487,905417
5024,670227
14,152262
9763,206142
2050,487612
699,594202
5804,651530
4259,489557
4030,237325
8607,996429
2340,728246
6445,675481
3458,803739
4917,390097
7302,741774
7721,391781
3604,714474
1954,124376
7018,173539
7180,180385
1879,601415
67,354255
7861,533159
3269,684728
2468,674009
3327,211825
405,730571
2936,775634
2502,876794
2876,297546
5661,688731
3875,542753
6583,771199
1886,908000
4173,458985
7308,389280
4343,794346
8079,709248
6912,425941
8530,878153
4549,857926
754,183293
3803,683190
2836,693866
3890,500267
7767,854964
7939,548793
5230,580457
1695,563288
6240,136448
2926,486271
2323,863184
9068,110186
6897,342143
8925,655058
593,899277
99,480758
7644,751678
5786,365544
1115,109405
4620,575895
5086,975359
6219,902830
5273,942189
2483,346781
5073,258916
7380,831383
5718,123196
6097,304739
1856,432121
9580,113146
7671,795106
3853,899877
8288,433867
7340,819100
9550,887031
4031,652253
5783,787500
9203,333740
2259,113381
4838,778649
206,656549
1093,894512
1499,277576
8510,764880
1142,416066
1093,768323
522,502762
7614,762726
5871,759951
631,240787
2016,504465
3190,669638
7733,212028
2342,827256
1052,415083
15,253699
8850,283699
9938,233984
6629,552323
7386,668425
5198,995833
6846,643583
7650,694517
5612,217776
23,265709
6723,543403
9516,394743
5523,614111
2993,528747
1093,122966
9629,138743
6334,787768
3496,944762
8573,863354
4535,651375
733,176198
9944,488401
6365,285639
7646,743545
8677,201555
5630,193068
8056,929048
6775,557979
2190,601845
6516,480456
8494,267972
3931,741915
6684,529123
3618,928478
2543,843804
8030,741843
6772,450764
1107,629020
4981,568151
6908,411535
8064,625872
6084,996883
4623,873662
2373,741072
865,856702
7195,369888
1964,127736
7630,898033
6913,353152
7629,243796
8442,859737
4606,137265
3097,864983
4260,474351
8103,180844
107,728993
8666,374987
6161,338691
5780,456999
2508,828030
2394,684638
8338,472197
1068,552894
5166,681845
6265,301669
8962,295181
7570,578025
5017,966154
1235,610411
6867,651152
4334,839273
9018,997057
8299,118623
4331,901842
4145,548119
3085,365313
304,958674
9202,275287
101,142447
9344,825876
3332,801638
7892,627676
1934,814462
9416,401996
8036,688406
1416,109883
7098,674624
3753,476222
7476,853515
5834,177564
700,663168
2318,215833
9153,641391
1864,822767
6107,376320
9521,168780
6325,892233
2790,688537
320,384049
8031,132594
789,187868
871,784765
3562,367854
5848,452749
5786,552076
4470,255646
4636,863512
7364,736800
5476,694564
6707,632745
6073,224781
7246,547058
7015,158682
3783,846653
3593,749315
3859,488862
339,592545
72,975159
5385,523906
7723,656075
166,815056
2243,197649
8598,801345
6126,805820
1437,614379
1061,434310
6447,290173
4287,946291
3728,631405
592,361972
9191,779770
325,871504
1163,113512
1389,924759
8410,787686
1689,169058
8881,147668
5752,831598
9141,654619
6367,930067
4524,634727
6857,809061
6152,113036
7872,840421
1184,160198
5994,953297
4116,533204
6985,335195
7618,430442
9920,860431
6402,726713
9430,441698
4024,126513
4832,632635
6359,654338
260,780978
9535,223282
